Race,Bioguide ID,Name,New Member?,Party (D/R/I),Caucus If Independent,First Name,Middle Name,Last Name,Suffix,Gender (M/F),Birthday (YYYY-MM-DD),FEC.gov ID,Wikipedia URL
AZ,G000574,Ruben Gallego,,,,,,,,,,,
CA,S001150,Adam Schiff,,,,,,,,,,,
CT,M001169,Christopher Murphy,,,,,,,,,,,
DE,B001303,Lisa Blunt Rochester,,,,,,,,,,,
FL,S001217,Rick Scott,,,,,,,,,,,
HI,H001042,Mazie K. Hirono,,,,,,,,,,,
IN,B001299,Jim Banks,,,,,,,,,,,
MA,W000817,Elizabeth Warren,,,,,,,,,,,
MD,(not assigned),Angela Alsobrooks,NEW,D,,Angela,Deneece,Alsobrooks,,F,1971-02-23,S4MD00327,https://en.wikipedia.org/wiki/Angela_Alsobrooks
ME,K000383,"Angus S. King, Jr.",,,,,,,,,,,
MI,S001208,Elissa Slotkin,,,,,,,,,,,
MN,K000367,Amy Klobuchar,,,,,,,,,,,
MO,H001089,Josh Hawley,,,,,,,,,,,
MS,W000437,Roger F. Wicker,,,,,,,,,,,
MT,(not assigned),Tim Sheehy,NEW,R,,Tim,Patrick,Sheehy,,M,1985-11-18,S4MT00183,https://en.wikipedia.org/wiki/Tim_Sheehy_(American_politician)
ND,C001096,Kevin Cramer,,,,,,,,,,,
NE,F000463,Deb Fischer,,,,,,,,,,,
NJ,K000394,Andy Kim,,,,,,,,,,,
NM,H001046,Martin Heinrich,,,,,,,,,,,
NV,R000608,Jacky Rosen,,,,,,,,,,,
NY,G000555,Kirsten E. Gillibrand,,,,,,,,,,,
OH,(not assigned),Bernie Moreno,NEW,R,,Bernie,,Moreno,,M,1967-02-14,S4OH00192,https://en.wikipedia.org/wiki/Bernie_Moreno
PA,(not assigned),David McCormick,NEW,R,,Dave,Harold,McCormick,,M,1965-08-17,S2PA00661,https://en.wikipedia.org/wiki/Dave_McCormick
RI,W000802,Sheldon Whitehouse,,,,,,,,,,,
TN,B001243,Marsha Blackburn,,,,,,,,,,,
TX,C001098,Ted Cruz,,,,,,,,,,,
UT,C001114,John Curtis,,,,,,,,,,,
VA,K000384,Tim Kaine,,,,,,,,,,,
VT,S000033,Bernard Sanders,,,,,,,,,,,
WA,C000127,Maria Cantwell,,,,,,,,,,,
WI,B001230,Tammy Baldwin,,,,,,,,,,,
WV,(not assigned),Jim Justice,NEW,R,,Jim,Conley,Justice,II,M,1951-04-27,S4WV00332,https://en.wikipedia.org/wiki/Jim_Justice
WY,B001261,John Barrasso,,,,,,,,,,,
AK00,B001323,Nicholas Begich,NEW,R,,Nicholas,Joseph,Begich,III,M,1977-10-21,H2AK01083,https://en.wikipedia.org/wiki/Nick_Begich_III
AL01,M001212,Barry Moore,,R,R,Barry,,Moore,,M,,,
AL02,F000481,Shomari Figures,NEW,D,,Shomari,Coleman,Figures,,M,1985-09-03,H4AL02170,https://en.wikipedia.org/wiki/Shomari_Figures
AL03,R000575,Mike Rogers,,R,R,Mike,,Rogers,,M,,,
AL04,A000055,Robert Aderholt,,R,R,Robert,B.,Aderholt,,M,,,
AL05,S001220,Dale Strong,,R,R,Dale,W.,Strong,,M,,,
AL06,P000609,Gary Palmer,,R,R,Gary,J.,Palmer,,M,,,
AL07,S001185,Terri Sewell,,D,D,Terri,A.,Sewell,,F,,,
AR01,C001087,Eric Crawford,,R,R,Eric,"A. ""Rick""",Crawford,,M,,,
AR02,H001072,J. Hill,,R,R,J.,French,Hill,,M,,,
AR03,W000809,Steve Womack,,R,R,Steve,,Womack,,M,,,
AR04,W000821,Bruce Westerman,,R,R,Bruce,,Westerman,,M,,,
AQ00,R000600,Aumua Amata Radewagen,,R,R,Aumua Amata,Coleman,Radewagen,,F,,,
AZ01,S001183,David Schweikert,,R,R,David,,Schweikert,,M,,,
AZ02,C001132,Elijah Crane,,R,R,Elijah,,Crane,,M,,,
AZ03,A000381,Yassamin Ansari,NEW,D,,Yassamin,,Ansari,,F,1992-04-07,H4AZ03109,https://en.wikipedia.org/wiki/Yassamin_Ansari
AZ04,S001211,Greg Stanton,,D,D,Greg,,Stanton,,M,,,
AZ05,B001302,Andy Biggs,,R,R,Andy,,Biggs,,M,,,
AZ06,C001133,Juan Ciscomani,,R,R,Juan,,Ciscomani,,M,,,
AZ07,G000551,Raúl Grijalva,,D,D,Raúl,M.,Grijalva,,M,,,
AZ08,H001098,Abraham Hamadeh,NEW,R,,Abraham,Jamal,Hamadeh,,M,1991-05-15,H4AZ08108,https://en.wikipedia.org/wiki/Abraham_Hamadeh
AZ09,G000565,Paul Gosar,,R,R,Paul,A.,Gosar,,M,,,
CA01,L000578,Doug LaMalfa,,R,R,Doug,,LaMalfa,,M,,,
CA02,H001068,Jared Huffman,,D,D,Jared,,Huffman,,M,,,
CA03,K000401,Kevin Kiley,,R,R,Kevin,,Kiley,,M,,,
CA04,T000460,Mike Thompson,,D,D,Mike,,Thompson,,M,,,
CA05,M001177,Tom McClintock,,R,R,Tom,,McClintock,,M,,,
CA06,B001287,Ami Bera,,D,D,Ami,,Bera,,M,,,
CA07,M001163,Doris Matsui,,D,D,Doris,O.,Matsui,,F,,,
CA08,G000559,John Garamendi,,D,D,John,,Garamendi,,M,,,
CA09,H001090,Josh Harder,,D,D,Josh,,Harder,,M,,,
CA10,D000623,Mark DeSaulnier,,D,D,Mark,,DeSaulnier,,M,,,
CA11,P000197,Nancy Pelosi,,D,D,Nancy,,Pelosi,,F,,,
CA12,S001231,Lateefah Simon,NEW,D,,Lateefah,Aaliyah,Simon,,F,1977-01-29,H4CA12154,https://en.wikipedia.org/wiki/Lateefah_Simon
CA13,G000605,Adam Gray,NEW,D,,Adam,Channing,Gray,,M,1977-09-23,H2CA13115,https://en.wikipedia.org/wiki/Adam_Gray
CA14,S001193,Eric Swalwell,,D,D,Eric,,Swalwell,,M,,,
CA15,M001225,Kevin Mullin,,D,D,Kevin,,Mullin,,M,,,
CA16,L000607,Sam Liccardo,NEW,D,,Sam,Theodore,Liccardo,,M,1970-04-16,H4CA16197,https://en.wikipedia.org/wiki/Sam_Liccardo
CA17,K000389,Ro Khanna,,D,D,Ro,,Khanna,,M,,,
CA18,L000397,Zoe Lofgren,,D,D,Zoe,,Lofgren,,F,,,
CA19,P000613,Jimmy Panetta,,D,D,Jimmy,,Panetta,,M,,,
CA20,F000480,Vince Fong,,R,R,Vince,,Fong,,M,,,
CA21,C001059,Jim Costa,,D,D,Jim,,Costa,,M,,,
CA22,V000129,David Valadao,,R,R,David,G.,Valadao,,M,,,
CA23,O000019,Jay Obernolte,,R,R,Jay,,Obernolte,,M,,,
CA24,C001112,Salud Carbajal,,D,D,Salud,O.,Carbajal,,M,,,
CA25,R000599,Raul Ruiz,,D,D,Raul,,Ruiz,,M,,,
CA26,B001285,Julia Brownley,,D,D,Julia,,Brownley,,F,,,
CA27,W000830,George Whitesides,NEW,D,,George,Thomas,Whitesides,,M,1974-03-03,H4CA27111,https://en.wikipedia.org/wiki/George_T._Whitesides
CA28,C001080,Judy Chu,,D,D,Judy,,Chu,,F,,,
CA29,R000620,Luz Rivas,NEW,D,,Luz,Maria,Rivas,,F,1974-02-06,H4CA29141,https://en.wikipedia.org/wiki/Luz_Rivas
CA30,F000483,Laura Friedman,NEW,D,,Laura,Syril,Friedman,,F,1966-12-03,H4CA30149,https://en.wikipedia.org/wiki/Laura_Friedman
CA31,C001123,Gilbert Cisneros,,D,D,Gilbert,Ray,Cisneros,Jr.,M,,,
CA32,S000344,Brad Sherman,,D,D,Brad,,Sherman,,M,,,
CA33,A000371,Pete Aguilar,,D,D,Pete,,Aguilar,,M,,,
CA34,G000585,Jimmy Gomez,,D,D,Jimmy,,Gomez,,M,,,
CA35,T000474,Norma Torres,,D,D,Norma,J.,Torres,,F,,,
CA36,L000582,Ted Lieu,,D,D,Ted,,Lieu,,M,,,
CA37,K000400,Sydney Kamlager-Dove,,D,D,Sydney,,Kamlager-Dove,,F,,,
CA38,S001156,Linda Sánchez,,D,D,Linda,T.,Sánchez,,F,,,
CA39,T000472,Mark Takano,,D,D,Mark,,Takano,,M,,,
CA40,K000397,Young Kim,,R,R,Young,,Kim,,F,,,
CA41,C000059,Ken Calvert,,R,R,Ken,,Calvert,,M,,,
CA42,G000598,Robert Garcia,,D,D,Robert,,Garcia,,M,,,
CA43,W000187,Maxine Waters,,D,D,Maxine,,Waters,,F,,,
CA44,B001300,Nanette Barragán,,D,D,Nanette,Diaz,Barragán,,F,,,
CA45,T000491,Derek Tran,NEW,D,,Derek,Truyen,Tran,,M,1980-12-22,H4CA45170,https://en.wikipedia.org/wiki/Derek_Tran
CA46,C001110,J. Correa,,D,D,J.,Luis,Correa,,M,,,
CA47,M001241,Dave Min,NEW,D,,Dave,Kunnghee,Min,,F,1976-03-05,H4CA47085,https://en.wikipedia.org/wiki/Dave_Min
CA48,I000056,Darrell Issa,,R,R,Darrell,,Issa,,M,,,
CA49,L000593,Mike Levin,,D,D,Mike,,Levin,,M,,,
CA50,P000608,Scott Peters,,D,D,Scott,H.,Peters,,M,,,
CA51,J000305,Sara Jacobs,,D,D,Sara,,Jacobs,,F,,,
CA52,V000130,Juan Vargas,,D,D,Juan,,Vargas,,M,,,
CO01,D000197,Diana DeGette,,D,D,Diana,,DeGette,,F,,,
CO02,N000191,Joe Neguse,,D,D,Joe,,Neguse,,M,,,
CO03,H001100,Jeff Hurd,NEW,R,,Jeff,Stephen,Hurd,,M,1979-08-15,H4CO03357,https://en.wikipedia.org/wiki/Jeff_Hurd_(politician)
CO04,B000825,Lauren Boebert,,R,R,Lauren,,Boebert,,F,,,
CO05,C001137,Jeff Crank,NEW,R,,Jeff,George,Crank,,M,1967-01-28,H6CO05142,https://en.wikipedia.org/wiki/Jeff_Crank
CO06,C001121,Jason Crow,,D,D,Jason,,Crow,,M,,,
CO07,P000620,Brittany Pettersen,,D,D,Brittany,,Pettersen,,F,,,
CO08,E000300,Gabe Evans,NEW,R,,Gabe,,Evans,,M,1986-07-28,H4CO08034,https://en.wikipedia.org/wiki/Gabe_Evans
CT01,L000557,John Larson,,D,D,John,B.,Larson,,M,,,
CT02,C001069,Joe Courtney,,D,D,Joe,,Courtney,,M,,,
CT03,D000216,Rosa DeLauro,,D,D,Rosa,L.,DeLauro,,F,,,
CT04,H001047,James Himes,,D,D,James,A.,Himes,,M,,,
CT05,H001081,Jahana Hayes,,D,D,Jahana,,Hayes,,F,,,
DC00,N000147,Eleanor Norton,,D,D,Eleanor,Holmes,Norton,,F,,,
DE00,M001238,Sarah McBride,NEW,D,,Sarah,Elizabeth,McBride,,F,1990-08-09,H4DE00045,https://en.wikipedia.org/wiki/Sarah_McBride
FL02,D000628,Neal Dunn,,R,R,Neal,P.,Dunn,,M,,,
FL03,C001039,Kat Cammack,,R,R,Kat,,Cammack,,F,,,
FL04,B001314,Aaron Bean,,R,R,Aaron,,Bean,,M,,,
FL05,R000609,John Rutherford,,R,R,John,H.,Rutherford,,M,,,
FL06,W000823,Michael Waltz,,R,R,Michael,,Waltz,,M,,,
FL07,M001216,Cory Mills,,R,R,Cory,,Mills,,M,,,
FL08,H001099,Mike Haridopolos,NEW,R,,Mike,John,Haridopolos,,M,1970-03-15,H4FL08168,https://en.wikipedia.org/wiki/Mike_Haridopolos
FL09,S001200,Darren Soto,,D,D,Darren,,Soto,,M,,,
FL10,F000476,Maxwell Frost,,D,D,Maxwell,,Frost,,M,,,
FL11,W000806,Daniel Webster,,R,R,Daniel,,Webster,,M,,,
FL12,B001257,Gus Bilirakis,,R,R,Gus,M.,Bilirakis,,M,,,
FL13,L000596,Anna Paulina Luna,,R,R,Anna Paulina,,Luna,,F,,,
FL14,C001066,Kathy Castor,,D,D,Kathy,,Castor,,F,,,
FL15,L000597,Laurel Lee,,R,R,Laurel,M.,Lee,,F,,,
FL16,B001260,Vern Buchanan,,R,R,Vern,,Buchanan,,M,,,
FL17,S001214,W. Steube,,R,R,W.,Gregory,Steube,,M,,,
FL18,F000472,Scott Franklin,,R,R,Scott,,Franklin,,M,,,
FL19,D000032,Byron Donalds,,R,R,Byron,,Donalds,,M,,,
FL20,C001127,Sheila Cherfilus-McCormick,,D,D,Sheila,,Cherfilus-McCormick,,F,,,
FL21,M001199,Brian Mast,,R,R,Brian,J.,Mast,,M,,,
FL22,F000462,Lois Frankel,,D,D,Lois,,Frankel,,F,,,
FL23,M001217,Jared Moskowitz,,D,D,Jared,,Moskowitz,,M,,,
FL24,W000808,Frederica Wilson,,D,D,Frederica,S.,Wilson,,F,,,
FL25,W000797,Debbie Wasserman Schultz,,D,D,Debbie,,Wasserman Schultz,,F,,,
FL26,D000600,Mario Diaz-Balart,,R,R,Mario,,Diaz-Balart,,M,,,
FL27,S000168,Maria Salazar,,R,R,Maria,Elvira,Salazar,,F,,,
FL28,G000593,Carlos Gimenez,,R,R,Carlos,A.,Gimenez,,M,,,
GA01,C001103,Earl Carter,,R,R,Earl,"L. ""Buddy""",Carter,,M,,,
GA02,B000490,Sanford Bishop,,D,D,Sanford,D.,Bishop,Jr.,M,,,
GA03,J000311,Brian Jack,NEW,R,,Brian,Timothy,Jack,,M,1988-02-17,H4GA03126,https://en.wikipedia.org/wiki/Brian_Jack
GA04,J000288,Henry Johnson,,D,D,Henry,"C. ""Hank""",Johnson,Jr.,M,,,
GA05,W000788,Nikema Williams,,D,D,Nikema,,Williams,,F,,,
GA06,M001208,Lucy McBath,,D,D,Lucy,,McBath,,F,,,
GA07,M001218,Richard McCormick,,R,R,Richard,,McCormick,,M,,,
GA08,S001189,Austin Scott,,R,R,Austin,,Scott,,M,,,
GA09,C001116,Andrew Clyde,,R,R,Andrew,S.,Clyde,,M,,,
GA10,C001129,Mike Collins,,R,R,Mike,,Collins,,M,,,
GA11,L000583,Barry Loudermilk,,R,R,Barry,,Loudermilk,,M,,,
GA12,A000372,Rick Allen,,R,R,Rick,W.,Allen,,M,,,
GA13,S001157,David Scott,,D,D,David,,Scott,,M,,,
GA14,G000596,Marjorie Greene,,R,R,Marjorie,Taylor,Greene,,F,,,
GU00,M001219,James Moylan,,R,R,James,C.,Moylan,,M,,,
HI01,C001055,Ed Case,,D,D,Ed,,Case,,M,,,
HI02,T000487,Jill Tokuda,,D,D,Jill,N.,Tokuda,,F,,,
IA01,M001215,Mariannette Miller-Meeks,,R,R,Mariannette,,Miller-Meeks,,F,,,
IA02,H001091,Ashley Hinson,,R,R,Ashley,,Hinson,,F,,,
IA03,N000193,Zachary Nunn,,R,R,Zachary,,Nunn,,M,,,
IA04,F000446,Randy Feenstra,,R,R,Randy,,Feenstra,,M,,,
ID01,F000469,Russ Fulcher,,R,R,Russ,,Fulcher,,M,,,
ID02,S001148,Michael Simpson,,R,R,Michael,K.,Simpson,,M,,,
IL01,J000309,Jonathan Jackson,,D,D,Jonathan,L.,Jackson,,M,,,
IL02,K000385,Robin Kelly,,D,D,Robin,L.,Kelly,,F,,,
IL03,R000617,Delia Ramirez,,D,D,Delia,C.,Ramirez,,F,,,
IL04,G000586,Jesús García,,D,D,Jesús,"G. ""Chuy""",García,,M,,,
IL05,Q000023,Mike Quigley,,D,D,Mike,,Quigley,,M,,,
IL06,C001117,Sean Casten,,D,D,Sean,,Casten,,M,,,
IL07,D000096,Danny Davis,,D,D,Danny,K.,Davis,,M,,,
IL08,K000391,Raja Krishnamoorthi,,D,D,Raja,,Krishnamoorthi,,M,,,
IL09,S001145,Janice Schakowsky,,D,D,Janice,D.,Schakowsky,,F,,,
IL10,S001190,Bradley Schneider,,D,D,Bradley,Scott,Schneider,,M,,,
IL11,F000454,Bill Foster,,D,D,Bill,,Foster,,M,,,
IL12,B001295,Mike Bost,,R,R,Mike,,Bost,,M,,,
IL13,B001315,Nikki Budzinski,,D,D,Nikki,,Budzinski,,F,,,
IL14,U000040,Lauren Underwood,,D,D,Lauren,,Underwood,,F,,,
IL15,M001211,Mary Miller,,R,R,Mary,E.,Miller,,F,,,
IL16,L000585,Darin LaHood,,R,R,Darin,,LaHood,,M,,,
IL17,S001225,Eric Sorensen,,D,D,Eric,,Sorensen,,M,,,
IN01,M001214,Frank Mrvan,,D,D,Frank,J.,Mrvan,,M,,,
IN02,Y000067,Rudy Yakym,,R,R,Rudy,,Yakym,III,M,,,
IN03,S001188,Marlin Stutzman,,R,R,Marlin,A.,Stutzman,,M,,,
IN04,B001307,James Baird,,R,R,James,R.,Baird,,M,,,
IN05,S000929,Victoria Spartz,,R,R,Victoria,,Spartz,,F,,,
IN06,S001229,Jefferson Shreve,NEW,R,,Jefferson,Scott,Shreve,,M,1965-09-24,H4IN06185,https://en.wikipedia.org/wiki/Jefferson_Shreve
IN07,C001072,André Carson,,D,D,André,,Carson,,M,,,
IN08,M001233,Mark Messmer,NEW,R,,Mark,,Messmer,,M,1967-12-16,H4IN08249,https://en.wikipedia.org/wiki/Mark_Messmer
IN09,H001093,Erin Houchin,,R,R,Erin,,Houchin,,F,,,
KS01,M000871,Tracey Mann,,R,R,Tracey,,Mann,,M,,,
KS02,S001228,Derek Schmidt,NEW,R,,Derek,Larkin,Schmidt,,M,1968-01-23,H4KS02164,https://en.wikipedia.org/wiki/Derek_Schmidt
KS03,D000629,Sharice Davids,,D,D,Sharice,,Davids,,F,,,
KS04,E000298,Ron Estes,,R,R,Ron,,Estes,,M,,,
KY01,C001108,James Comer,,R,R,James,,Comer,,M,,,
KY02,G000558,Brett Guthrie,,R,R,Brett,,Guthrie,,M,,,
KY03,M001220,Morgan McGarvey,,D,D,Morgan,,McGarvey,,M,,,
KY04,M001184,Thomas Massie,,R,R,Thomas,,Massie,,M,,,
KY05,R000395,Harold Rogers,,R,R,Harold,,Rogers,,M,,,
KY06,B001282,Andy Barr,,R,R,Andy,,Barr,,M,,,
LA01,S001176,Steve Scalise,,R,R,Steve,,Scalise,,M,,,
LA02,C001125,Troy Carter,,D,D,Troy,A.,Carter,,M,,,
LA03,H001077,Clay Higgins,,R,R,Clay,,Higgins,,M,,,
LA04,J000299,Mike Johnson,,R,R,Mike,,Johnson,,M,,,
LA05,L000595,Julia Letlow,,R,R,Julia,,Letlow,,F,,,
LA06,F000110,Cleo Fields,,D,D,Cleo,,Fields,,M,,,
MA01,N000015,Richard Neal,,D,D,Richard,E.,Neal,,M,,,
MA02,M000312,James McGovern,,D,D,James,P.,McGovern,,M,,,
MA03,T000482,Lori Trahan,,D,D,Lori,,Trahan,,F,,,
MA04,A000148,Jake Auchincloss,,D,D,Jake,,Auchincloss,,M,,,
MA05,C001101,Katherine Clark,,D,D,Katherine,M.,Clark,,F,,,
MA06,M001196,Seth Moulton,,D,D,Seth,,Moulton,,M,,,
MA07,P000617,Ayanna Pressley,,D,D,Ayanna,,Pressley,,F,,,
MA08,L000562,Stephen Lynch,,D,D,Stephen,F.,Lynch,,M,,,
MA09,K000375,William Keating,,D,D,William,R.,Keating,,M,,,
MD01,H001052,Andy Harris,,R,R,Andy,,Harris,,M,,,
MD02,O000176,Johnny Olszewski,NEW,D,,Johnny,Anthony,Olszewski,Jr.,M,1982-09-10,H4MD02232,https://en.wikipedia.org/wiki/Johnny_Olszewski
MD03,E000301,Sarah Elfreth,NEW,D,,Sarah,Kelly,Elfreth,,F,1988-09-09,H4MD03156,https://en.wikipedia.org/wiki/Sarah_Elfreth
MD04,I000058,Glenn Ivey,,D,D,Glenn,,Ivey,,M,,,
MD05,H000874,Steny Hoyer,,D,D,Steny,H.,Hoyer,,M,,,
MD06,M001232,April McClain Delaney,NEW,D,,April,Lynn,McClain Delaney,,F,1964-05-28,H4MD06340,https://en.wikipedia.org/wiki/April_McClain-Delaney
MD07,M000687,Kweisi Mfume,,D,D,Kweisi,,Mfume,,M,,,
MD08,R000606,Jamie Raskin,,D,D,Jamie,,Raskin,,M,,,
ME01,P000597,Chellie Pingree,,D,D,Chellie,,Pingree,,F,,,
ME02,G000592,Jared Golden,,D,D,Jared,F.,Golden,,M,,,
MI01,B001301,Jack Bergman,,R,R,Jack,,Bergman,,M,,,
MI02,M001194,John Moolenaar,,R,R,John,R.,Moolenaar,,M,,,
MI03,S001221,Hillary Scholten,,D,D,Hillary,J.,Scholten,,F,,,
MI04,H001058,Bill Huizenga,,R,R,Bill,,Huizenga,,M,,,
MI05,W000798,Tim Walberg,,R,R,Tim,,Walberg,,M,,,
MI06,D000624,Debbie Dingell,,D,D,Debbie,,Dingell,,F,,,
MI07,B001321,Tom Barrett,NEW,R,,Tom,More,Barrett,,M,1981-04-30,H2MI07123,https://en.wikipedia.org/wiki/Tom_Barrett_(Michigan_politician)
MI08,M001237,Kristen McDonald Rivet,NEW,D,,Kristen,Lee,McDonald Rivet,,F,1970-07-11,H4MI08218,https://en.wikipedia.org/wiki/Kristen_McDonald_Rivet
MI09,M001136,Lisa McClain,,R,R,Lisa,C.,McClain,,F,,,
MI10,J000307,John James,,R,R,John,,James,,M,,,
MI11,S001215,Haley Stevens,,D,D,Haley,M.,Stevens,,F,,,
MI12,T000481,Rashida Tlaib,,D,D,Rashida,,Tlaib,,F,,,
MI13,T000488,Shri Thanedar,,D,D,Shri,,Thanedar,,M,,,
MN01,F000475,Brad Finstad,,R,R,Brad,,Finstad,,M,,,
MN02,C001119,Angie Craig,,D,D,Angie,,Craig,,F,,,
MN03,M001234,Kelly Morrison,NEW,D,,Kelly,Louise,Morrison,,F,1969-02-02,H4MN03118,https://en.wikipedia.org/wiki/Kelly_Morrison
MN04,M001143,Betty McCollum,,D,D,Betty,,McCollum,,F,,,
MN05,O000173,Ilhan Omar,,D,D,Ilhan,,Omar,,F,,,
MN06,E000294,Tom Emmer,,R,R,Tom,,Emmer,,M,,,
MN07,F000470,Michelle Fischbach,,R,R,Michelle,,Fischbach,,F,,,
MN08,S001212,Pete Stauber,,R,R,Pete,,Stauber,,M,,,
MO01,B001324,Wesley Bell,NEW,D,,Wesley,Jonell-Cleavon,Bell,,M,1974-11-05,H4MO01134,https://en.wikipedia.org/wiki/Wesley_Bell
MO02,W000812,Ann Wagner,,R,R,Ann,,Wagner,,F,,,
MO03,O000177,Robert Onder,NEW,R,,Robert,F.,Onder,Jr.,M,1962-01-06,H8MO09146,https://en.wikipedia.org/wiki/Bob_Onder
MO04,A000379,Mark Alford,,R,R,Mark,,Alford,,M,,,
MO05,C001061,Emanuel Cleaver,,D,D,Emanuel,,Cleaver,,M,,,
MO06,G000546,Sam Graves,,R,R,Sam,,Graves,,M,,,
MO07,B001316,Eric Burlison,,R,R,Eric,,Burlison,,M,,,
MO08,S001195,Jason Smith,,R,R,Jason,,Smith,,M,,,
MP00,K000404,Kimberlyn King-Hinds,NEW,R,,Kimberlyn,Kay,King-Hinds,,F,,H4MP01022,https://en.wikipedia.org/wiki/Kimberlyn_King-Hinds
MS01,K000388,Trent Kelly,,R,R,Trent,,Kelly,,M,,,
MS02,T000193,Bennie Thompson,,D,D,Bennie,G.,Thompson,,M,,,
MS03,G000591,Michael Guest,,R,R,Michael,,Guest,,M,,,
MS04,E000235,Mike Ezell,,R,R,Mike,,Ezell,,M,,,
MT01,Z000018,Ryan Zinke,,R,R,Ryan,K.,Zinke,,M,,,
MT02,D000634,Troy Downing,NEW,R,,Troy,Bryan,Downing,,M,1967-03-04,H4MT02098,https://en.wikipedia.org/wiki/Troy_Downing
NC01,D000230,Donald Davis,,D,D,Donald,G.,Davis,,M,,,
NC02,R000305,Deborah Ross,,D,D,Deborah,K.,Ross,,F,,,
NC03,M001210,Gregory Murphy,,R,R,Gregory,F.,Murphy,,M,,,
NC04,F000477,Valerie Foushee,,D,D,Valerie,P.,Foushee,,F,,,
NC05,F000450,Virginia Foxx,,R,R,Virginia,,Foxx,,F,,,
NC06,M001240,Addison McDowell,NEW,R,,Addison,Parker,McDowell,,M,1994-01-21,H4NC06177,https://en.wikipedia.org/wiki/Addison_McDowell
NC07,R000603,David Rouzer,,R,R,David,,Rouzer,,M,,,
NC08,H001102,Mark Harris,NEW,R,,Mark,Everette,Harris,,M,1966-04-24,H6NC09200,https://en.wikipedia.org/wiki/Mark_Harris_(North_Carolina_politician)
NC09,H001067,Richard Hudson,,R,R,Richard,,Hudson,,M,,,
NC10,H001101,Pat Harrigan,NEW,R,,Pat,,Harrigan,,M,1987-06-21,H2NC13243,https://en.wikipedia.org/wiki/Pat_Harrigan
NC11,E000246,Chuck Edwards,,R,R,Chuck,,Edwards,,M,,,
NC12,A000370,Alma Adams,,D,D,Alma,S.,Adams,,F,,,
NC13,K000405,Brad Knott,NEW,R,,Brad,,Knott,,M,1986-04-17,H4NC13116,https://en.wikipedia.org/wiki/Brad_Knott
NC14,M001236,Tim Moore,NEW,R,,Tim,Keith,Moore,,M,1970-10-02,H4NC14015,https://en.wikipedia.org/wiki/Tim_Moore_(North_Carolina_politician)
ND00,F000482,Julie Fedorchak,NEW,R,,Julie,Ann,Fedorchak,,F,1968-09-28,H4ND00061,https://en.wikipedia.org/wiki/Julie_Fedorchak
NE01,F000474,Mike Flood,,R,R,Mike,,Flood,,M,,,
NE02,B001298,Don Bacon,,R,R,Don,,Bacon,,M,,,
NE03,S001172,Adrian Smith,,R,R,Adrian,,Smith,,M,,,
NH01,P000614,Chris Pappas,,D,D,Chris,,Pappas,,M,,,
NH02,G000604,Maggie Goodlander,NEW,D,,Maggie,Vivian,Goodlander,,F,1986-11-04,H4NH02399,https://en.wikipedia.org/wiki/Maggie_Goodlander
NJ01,N000188,Donald Norcross,,D,D,Donald,,Norcross,,M,,,
NJ02,V000133,Jefferson Van Drew,,R,R,Jefferson,,Van Drew,,M,,,
NJ03,C001136,Herbert Conaway,NEW,D,,Herbert,Clark Hoover,Conaway,Jr.,M,1963-01-30,H4NJ03080,https://en.wikipedia.org/wiki/Herb_Conaway
NJ04,S000522,Christopher Smith,,R,R,Christopher,H.,Smith,,M,,,
NJ05,G000583,Josh Gottheimer,,D,D,Josh,,Gottheimer,,M,,,
NJ06,P000034,Frank Pallone,,D,D,Frank,,Pallone,Jr.,M,,,
NJ07,K000398,Thomas Kean,,R,R,Thomas,H.,Kean,Jr.,M,,,
NJ08,M001226,Robert Menendez,,D,D,Robert,,Menendez,,M,,,
NJ09,P000621,Nellie Pou,NEW,D,,Nellie,Avila,Pou,,F,1956-05-20,H4NJ09194,https://en.wikipedia.org/wiki/Nellie_Pou
NJ10,M001229,LaMonica McIver,,D,D,LaMonica,,McIver,,F,,,
NJ11,S001207,Mikie Sherrill,,D,D,Mikie,,Sherrill,,F,,,
NJ12,W000822,Bonnie Watson Coleman,,D,D,Bonnie,,Watson Coleman,,F,,,
NM01,S001218,Melanie Stansbury,,D,D,Melanie,A.,Stansbury,,F,,,
NM02,V000136,Gabe Vasquez,,D,D,Gabe,,Vasquez,,M,,,
NM03,L000273,Teresa Leger Fernandez,,D,D,Teresa,,Leger Fernandez,,F,,,
NV01,T000468,Dina Titus,,D,D,Dina,,Titus,,F,,,
NV02,A000369,Mark Amodei,,R,R,Mark,E.,Amodei,,M,,,
NV03,L000590,Susie Lee,,D,D,Susie,,Lee,,F,,,
NV04,H001066,Steven Horsford,,D,D,Steven,,Horsford,,M,,,
NY01,L000598,Nick LaLota,,R,R,Nick,,LaLota,,M,,,
NY02,G000597,Andrew Garbarino,,R,R,Andrew,R.,Garbarino,,M,,,
NY03,S001201,Thomas Suozzi,,D,D,Thomas,R.,Suozzi,,M,,,
NY04,G000602,Laura Gillen,NEW,D,,Laura,Anne,Gillen,,F,1969-07-10,H4NY04158,https://en.wikipedia.org/wiki/Laura_Gillen
NY05,M001137,Gregory Meeks,,D,D,Gregory,W.,Meeks,,M,,,
NY06,M001188,Grace Meng,,D,D,Grace,,Meng,,F,,,
NY07,V000081,Nydia Velázquez,,D,D,Nydia,M.,Velázquez,,F,,,
NY08,J000294,Hakeem Jeffries,,D,D,Hakeem,S.,Jeffries,,M,,,
NY09,C001067,Yvette Clarke,,D,D,Yvette,D.,Clarke,,F,,,
NY10,G000599,Daniel Goldman,,D,D,Daniel,S.,Goldman,,M,,,
NY11,M000317,Nicole Malliotakis,,R,R,Nicole,,Malliotakis,,F,,,
NY12,N000002,Jerrold Nadler,,D,D,Jerrold,,Nadler,,M,,,
NY13,E000297,Adriano Espaillat,,D,D,Adriano,,Espaillat,,M,,,
NY14,O000172,Alexandria Ocasio-Cortez,,D,D,Alexandria,,Ocasio-Cortez,,F,,,
NY15,T000486,Ritchie Torres,,D,D,Ritchie,,Torres,,M,,,
NY16,L000606,George Latimer,NEW,D,,George,Stephen,Latimer,,M,1953-11-22,H4NY16087,https://en.wikipedia.org/wiki/George_Latimer_(New_York_politician)
NY17,L000599,Michael Lawler,,R,R,Michael,,Lawler,,M,,,
NY18,R000579,Patrick Ryan,,D,D,Patrick,,Ryan,,M,,,
NY19,R000622,Josh Riley,NEW,D,,Josh,Paul,Riley,,M,1981-01-21,H8NY22177,https://en.wikipedia.org/wiki/Josh_Riley
NY20,T000469,Paul Tonko,,D,D,Paul,,Tonko,,M,,,
NY21,S001196,Elise Stefanik,,R,R,Elise,M.,Stefanik,,F,,,
NY22,M001231,John Mannion,NEW,D,,John,W.,Mannion,,M,1968-07-08,H4NY22085,https://en.wikipedia.org/wiki/John_Mannion_(American_politician)
NY23,L000600,Nicholas Langworthy,,R,R,Nicholas,A.,Langworthy,,M,,,
NY24,T000478,Claudia Tenney,,R,R,Claudia,,Tenney,,F,,,
NY25,M001206,Joseph Morelle,,D,D,Joseph,D.,Morelle,,M,,,
NY26,K000402,Timothy Kennedy,,D,D,Timothy,M.,Kennedy,,M,,,
OH01,L000601,Greg Landsman,,D,D,Greg,,Landsman,,M,,,
OH02,T000490,David Taylor,NEW,R,,David,J.,Taylor,,M,1969-11-16,H4OH02248,https://en.wikipedia.org/wiki/David_Taylor_(Ohio_politician)
OH03,B001281,Joyce Beatty,,D,D,Joyce,,Beatty,,F,,,
OH04,J000289,Jim Jordan,,R,R,Jim,,Jordan,,M,,,
OH05,L000566,Robert Latta,,R,R,Robert,E.,Latta,,M,,,
OH06,R000619,Michael Rulli,,R,R,Michael,A.,Rulli,,M,,,
OH07,M001222,Max Miller,,R,R,Max,L.,Miller,,M,,,
OH08,D000626,Warren Davidson,,R,R,Warren,,Davidson,,M,,,
OH09,K000009,Marcy Kaptur,,D,D,Marcy,,Kaptur,,F,,,
OH10,T000463,Michael Turner,,R,R,Michael,R.,Turner,,M,,,
OH11,B001313,Shontel Brown,,D,D,Shontel,M.,Brown,,F,,,
OH12,B001306,Troy Balderson,,R,R,Troy,,Balderson,,M,,,
OH13,S001223,Emilia Sykes,,D,D,Emilia,Strong,Sykes,,F,,,
OH14,J000295,David Joyce,,R,R,David,P.,Joyce,,M,,,
OH15,C001126,Mike Carey,,R,R,Mike,,Carey,,M,,,
OK01,H001082,Kevin Hern,,R,R,Kevin,,Hern,,M,,,
OK02,B001317,Josh Brecheen,,R,R,Josh,,Brecheen,,M,,,
OK03,L000491,Frank Lucas,,R,R,Frank,D.,Lucas,,M,,,
OK04,C001053,Tom Cole,,R,R,Tom,,Cole,,M,,,
OK05,B000740,Stephanie Bice,,R,R,Stephanie,I.,Bice,,F,,,
OR01,B001278,Suzanne Bonamici,,D,D,Suzanne,,Bonamici,,F,,,
OR02,B000668,Cliff Bentz,,R,R,Cliff,,Bentz,,M,,,
OR03,D000635,Maxine Dexter,NEW,D,,Maxine,Elizabeth,Dexter,,F,1972-12-05,H4OR03192,https://en.wikipedia.org/wiki/Maxine_Dexter
OR04,H001094,Val Hoyle,,D,D,Val,T.,Hoyle,,F,,,
OR05,B001326,Janelle Bynum,NEW,D,,Janelle,S.,Bynum,,F,1975-01-31,H4OR05304,https://en.wikipedia.org/wiki/Janelle_Bynum
OR06,S001226,Andrea Salinas,,D,D,Andrea,,Salinas,,F,,,
PA01,F000466,Brian Fitzpatrick,,R,R,Brian,K.,Fitzpatrick,,M,,,
PA02,B001296,Brendan Boyle,,D,D,Brendan,F.,Boyle,,M,,,
PA03,E000296,Dwight Evans,,D,D,Dwight,,Evans,,M,,,
PA04,D000631,Madeleine Dean,,D,D,Madeleine,,Dean,,F,,,
PA05,S001205,Mary Gay Scanlon,,D,D,Mary Gay,,Scanlon,,F,,,
PA06,H001085,Chrissy Houlahan,,D,D,Chrissy,,Houlahan,,F,,,
PA07,M001230,Ryan Mackenzie,NEW,R,,Ryan,Edward,Mackenzie,,M,1982-08-03,H8PA15195,https://en.wikipedia.org/wiki/Ryan_Mackenzie
PA08,B001327,Robert Bresnahan,NEW,R,,Robert,P.,Bresnahan,Jr.,M,1990-04-22,H4PA08124,https://en.wikipedia.org/wiki/Rob_Bresnahan
PA09,M001204,Daniel Meuser,,R,R,Daniel,,Meuser,,M,,,
PA10,P000605,Scott Perry,,R,R,Scott,,Perry,,M,,,
PA11,S001199,Lloyd Smucker,,R,R,Lloyd,,Smucker,,M,,,
PA12,L000602,Summer Lee,,D,D,Summer,L.,Lee,,F,,,
PA13,J000302,John Joyce,,R,R,John,,Joyce,,M,,,
PA14,R000610,Guy Reschenthaler,,R,R,Guy,,Reschenthaler,,M,,,
PA15,T000467,Glenn Thompson,,R,R,Glenn,,Thompson,,M,,,
PA16,K000376,Mike Kelly,,R,R,Mike,,Kelly,,M,,,
PA17,D000530,Christopher Deluzio,,D,D,Christopher,R.,Deluzio,,M,,,
PR00,H001103,Pablo Hernández,NEW,D,,Pablo José,,Hernández Rivera,,M,1991-05-11,H4PR01010,https://en.wikipedia.org/wiki/Pablo_Hern%C3%A1ndez_Rivera
RI01,A000380,Gabe Amo,,D,D,Gabe,,Amo,,M,,,
RI02,M001223,Seth Magaziner,,D,D,Seth,,Magaziner,,M,,,
SC01,M000194,Nancy Mace,,R,R,Nancy,,Mace,,F,,,
SC02,W000795,Joe Wilson,,R,R,Joe,,Wilson,,M,,,
SC03,B001325,Sheri Biggs,NEW,R,,Sheri,Lynn,Biggs,,F,1970-03-28,H4SC01313,https://en.wikipedia.org/wiki/Sheri_Biggs
SC04,T000480,William Timmons,,R,R,William,R.,Timmons,IV,M,,,
SC05,N000190,Ralph Norman,,R,R,Ralph,,Norman,,M,,,
SC06,C000537,James Clyburn,,D,D,James,E.,Clyburn,,M,,,
SC07,F000478,Russell Fry,,R,R,Russell,,Fry,,M,,,
SD00,J000301,Dusty Johnson,,R,R,Dusty,,Johnson,,M,,,
TN01,H001086,Diana Harshbarger,,R,R,Diana,,Harshbarger,,F,,,
TN02,B001309,Tim Burchett,,R,R,Tim,,Burchett,,M,,,
TN03,F000459,Charles Fleischmann,,R,R,Charles,"J. ""Chuck""",Fleischmann,,M,,,
TN04,D000616,Scott DesJarlais,,R,R,Scott,,DesJarlais,,M,,,
TN05,O000175,Andrew Ogles,,R,R,Andrew,,Ogles,,M,,,
TN06,R000612,John Rose,,R,R,John,W.,Rose,,M,,,
TN07,G000590,Mark Green,,R,R,Mark,E.,Green,,M,,,
TN08,K000392,David Kustoff,,R,R,David,,Kustoff,,M,,,
TN09,C001068,Steve Cohen,,D,D,Steve,,Cohen,,M,,,
TX01,M001224,Nathaniel Moran,,R,R,Nathaniel,,Moran,,M,,,
TX02,C001120,Dan Crenshaw,,R,R,Dan,,Crenshaw,,M,,,
TX03,S001224,Keith Self,,R,R,Keith,,Self,,M,,,
TX04,F000246,Pat Fallon,,R,R,Pat,,Fallon,,M,,,
TX05,G000589,Lance Gooden,,R,R,Lance,,Gooden,,M,,,
TX06,E000071,Jake Ellzey,,R,R,Jake,,Ellzey,,M,,,
TX07,F000468,Lizzie Fletcher,,D,D,Lizzie,,Fletcher,,F,,,
TX08,L000603,Morgan Luttrell,,R,R,Morgan,,Luttrell,,M,,,
TX09,G000553,Al Green,,D,D,Al,,Green,,M,,,
TX10,M001157,Michael McCaul,,R,R,Michael,T.,McCaul,,M,,,
TX11,P000048,August Pfluger,,R,R,August,,Pfluger,,M,,,
TX12,G000601,Craig Goldman,NEW,R,,Craig,A.,Goldman,,M,1968-10-03,H4TX12065,https://en.wikipedia.org/wiki/Craig_Goldman
TX13,J000304,Ronny Jackson,,R,R,Ronny,,Jackson,,M,,,
TX14,W000814,Randy Weber,,R,R,Randy,K.,Weber,Sr.,M,,,
TX15,D000594,Monica De La Cruz,,R,R,Monica,,De La Cruz,,F,,,
TX16,E000299,Veronica Escobar,,D,D,Veronica,,Escobar,,F,,,
TX17,S000250,Pete Sessions,,R,R,Pete,,Sessions,,M,,,
TX18,T000489,Sylvester Turner,NEW,D,,Sylvester,,Turner,,M,1954-09-27,H4TX18237,https://en.wikipedia.org/wiki/Sylvester_Turner
TX19,A000375,Jodey Arrington,,R,R,Jodey,C.,Arrington,,M,,,
TX20,C001091,Joaquin Castro,,D,D,Joaquin,,Castro,,M,,,
TX21,R000614,Chip Roy,,R,R,Chip,,Roy,,M,,,
TX22,N000026,Troy Nehls,,R,R,Troy,E.,Nehls,,M,,,
TX23,G000594,Tony Gonzales,,R,R,Tony,,Gonzales,,M,,,
TX24,V000134,Beth Van Duyne,,R,R,Beth,,Van Duyne,,F,,,
TX25,W000816,Roger Williams,,R,R,Roger,,Williams,,M,,,
TX26,G000603,Brandon Gill,NEW,R,,Brandon,Gene,Gill,,M,1994-02-26,H4TX26149,https://en.wikipedia.org/wiki/Brandon_Gill
TX27,C001115,Michael Cloud,,R,R,Michael,,Cloud,,M,,,
TX28,C001063,Henry Cuellar,,D,D,Henry,,Cuellar,,M,,,
TX29,G000587,Sylvia Garcia,,D,D,Sylvia,R.,Garcia,,F,,,
TX30,C001130,Jasmine Crockett,,D,D,Jasmine,,Crockett,,F,,,
TX31,C001051,John Carter,,R,R,John,R.,Carter,,M,,,
TX32,J000310,Julie Johnson,NEW,D,,Julie,Elizabeth,Johnson,,F,1966-05-02,H4TX32089,https://en.wikipedia.org/wiki/Julie_Johnson_(politician)
TX33,V000131,Marc Veasey,,D,D,Marc,A.,Veasey,,M,,,
TX34,G000581,Vicente Gonzalez,,D,D,Vicente,,Gonzalez,,M,,,
TX35,C001131,Greg Casar,,D,D,Greg,,Casar,,M,,,
TX36,B001291,Brian Babin,,R,R,Brian,,Babin,,M,,,
TX37,D000399,Lloyd Doggett,,D,D,Lloyd,,Doggett,,M,,,
TX38,H001095,Wesley Hunt,,R,R,Wesley,,Hunt,,M,,,
UT01,M001213,Blake Moore,,R,R,Blake,D.,Moore,,M,,,
UT02,M001228,Celeste Maloy,,R,R,Celeste,,Maloy,,F,,,
UT03,K000403,Mike Kennedy,NEW,R,,Mike,Steven,Kennedy,,M,1969-02-02,H4UT03260,https://en.wikipedia.org/wiki/Mike_Kennedy_(politician)
UT04,O000086,Burgess Owens,,R,R,Burgess,,Owens,,M,,,
VA01,W000804,Robert Wittman,,R,R,Robert,J.,Wittman,,M,,,
VA02,K000399,Jennifer Kiggans,,R,R,Jennifer,A.,Kiggans,,F,,,
VA03,S000185,Robert Scott,,D,D,Robert,"C. ""Bobby""",Scott,,M,,,
VA04,M001227,Jennifer McClellan,,D,D,Jennifer,L.,McClellan,,F,,,
VA05,M001239,John McGuire,NEW,R,,John,J.,McGuire,III,M,1968-08-24,H4VA05071,https://en.wikipedia.org/wiki/John_McGuire_(Virginia_politician)
VA06,C001118,Ben Cline,,R,R,Ben,,Cline,,M,,,
VA07,V000138,Eugene Vindman,NEW,D,,Eugene,Simon,Vindman,,M,1975-06-06,H4VA07234,https://en.wikipedia.org/wiki/Eugene_Vindman
VA08,B001292,Donald Beyer,,D,D,Donald,S.,Beyer,Jr.,M,,,
VA09,G000568,H. Griffith,,R,R,H.,Morgan,Griffith,,M,,,
VA10,S001230,Suhas Subramanyam,NEW,D,,Suhas,,Subramanyam,,M,1986-09-26,H4VA10279,https://en.wikipedia.org/wiki/Suhas_Subramanyam
VA11,C001078,Gerald Connolly,,D,D,Gerald,E.,Connolly,,M,,,
VI00,P000610,Stacey Plaskett,,D,D,Stacey,E.,Plaskett,,F,,,
VT00,B001318,Becca Balint,,D,D,Becca,,Balint,,F,,,
WA01,D000617,Suzan DelBene,,D,D,Suzan,K.,DelBene,,F,,,
WA02,L000560,Rick Larsen,,D,D,Rick,,Larsen,,M,,,
WA03,G000600,Marie Perez,,D,D,Marie,Gluesenkamp,Perez,,F,,,
WA04,N000189,Dan Newhouse,,R,R,Dan,,Newhouse,,M,,,
WA05,B001322,Michael Baumgartner,NEW,R,,Michael,James,Baumgartner,,M,1975-12-13,H4WA05234,https://en.wikipedia.org/wiki/Michael_Baumgartner
WA06,R000621,Emily Randall,NEW,D,,Emily,Elissa,Randall,,F,1985-10-30,H4WA06117,https://en.wikipedia.org/wiki/Emily_Randall
WA07,J000298,Pramila Jayapal,,D,D,Pramila,,Jayapal,,F,,,
WA08,S001216,Kim Schrier,,D,D,Kim,,Schrier,,F,,,
WA09,S000510,Adam Smith,,D,D,Adam,,Smith,,M,,,
WA10,S001159,Marilyn Strickland,,D,D,Marilyn,,Strickland,,F,,,
WI01,S001213,Bryan Steil,,R,R,Bryan,,Steil,,M,,,
WI02,P000607,Mark Pocan,,D,D,Mark,,Pocan,,M,,,
WI03,V000135,Derrick Van Orden,,R,R,Derrick,,Van Orden,,M,,,
WI04,M001160,Gwen Moore,,D,D,Gwen,,Moore,,F,,,
WI05,F000471,Scott Fitzgerald,,R,R,Scott,,Fitzgerald,,M,,,
WI06,G000576,Glenn Grothman,,R,R,Glenn,,Grothman,,M,,,
WI07,T000165,Thomas Tiffany,,R,R,Thomas,P.,Tiffany,,M,,,
WI08,W000829,Tony Wied,,R,R,Tony,,Wied,,M,,,
WV01,M001205,Carol Miller,,R,R,Carol,D.,Miller,,F,,,
WV02,M001235,Riley Moore,NEW,R,,Riley,M.,Moore,,M,1980-07-01,H4WV02205,https://en.wikipedia.org/wiki/Riley_Moore
WY00,H001096,Harriet Hageman,,R,R,Harriet,M.,Hageman,,F,,,
